features,strategy,model_a,model_b,auc_a,auc_b,z_statistic,p_value,significance
kaggle_equiv,cost_sensitive,LR,RF,0.802106488771379,0.755883860493857,0.3188222880985194,0.7498612761209592,ns
kaggle_equiv,cost_sensitive,LR,XGBoost,0.802106488771379,0.7447011898266228,0.3203282218683363,0.7487195314089665,ns
kaggle_equiv,cost_sensitive,RF,XGBoost,0.755883860493857,0.7447011898266228,0.07060373429067097,0.9437131382982266,ns
full_clinical,cost_sensitive,LR,RF,0.8228677963155864,0.8027076890185497,0.193642826966569,0.8464555617721189,ns
full_clinical,cost_sensitive,LR,XGBoost,0.8228677963155864,0.7587689295405615,0.31083480468980956,0.755926209077914,ns
full_clinical,cost_sensitive,RF,XGBoost,0.8027076890185497,0.7587689295405615,0.2513794184505025,0.8015207786197127,ns
